lat,lon,alt,timestamp,ecef_x,ecef_y,ecef_z
22.30115538,114.17900033,6.5958929,1556456301.0,-2418178.111421435,5385969.029692094,2405301.810792346
22.3011553,114.17900034,6.58528151,1556456302.0,-2418178.1097171595,5385969.02338042,2405301.798569449
22.30115521,114.17900036,6.57434173,1556456303.0,-2418178.109000579,5385969.016752869,2405301.7851974196
22.30115514,114.17900036,6.56362493,1556456304.0,-2418178.1061442136,5385969.010390934,2405301.77395904
22.30115507,114.17900037,6.55334213,1556456305.0,-2418178.1043923427,5385969.003973257,2405301.762885353
22.30115501,114.17900038,6.54357992,1556456306.0,-2418178.102665638,5385968.997611632,2405301.7530337344
22.30115495,114.17900039,6.53439194,1556456307.0,-2418178.1011565384,5385968.991734676,2405301.7434000215
22.3011549,114.17900039,6.5258461,1556456308.0,-2418178.098778638,5385968.986438418,2405301.7350345026
22.30115486,114.1790004,6.51800726,1556456309.0,-2418178.097436573,5385968.980933493,2405301.7279617894
22.30115482,114.17900041,6.51090777,1556456310.0,-2418178.096374686,5385968.9760526065,2405301.7211696417
22.30115478,114.17900041,6.50446095,1556456311.0,-2418178.0946201007,5385968.9721446475,2405301.714625166
22.30115474,114.17900042,6.49862907,1556456312.0,-2418178.0940385764,5385968.968333666,2405301.708314043
22.30115471,114.17900042,6.49331445,1556456313.0,-2418178.092540928,5385968.964997979,2405301.703223726
22.30115468,114.17900043,6.4885035,1556456314.0,-2418178.092174176,5385968.961665353,2405301.698324539
22.30115465,114.17900043,6.48413343,1556456315.0,-2418178.0910344673,5385968.959126897,2405301.693592654
22.30115462,114.17900043,6.48005939,1556456316.0,-2418178.090006939,5385968.956838301,2405301.688973105
22.30115459,114.17900044,6.4762136,1556456317.0,-2418178.090005935,5385968.954320303,2405301.6844401723
22.30115456,114.17900045,6.47259239,1556456318.0,-2418178.0900900387,5385968.951991862,2405301.679992462
22.30115454,114.17900046,6.46921801,1556456319.0,-2418178.0900955643,5385968.949488406,2405301.6766629345
22.30115451,114.17900046,6.46606653,1556456320.0,-2418178.0894176424,5385968.947978483,2405301.6723934747
22.30115449,114.17900047,6.46312189,1556456321.0,-2418178.08958602,5385968.945837742,2405301.669227022
22.30115446,114.17900048,6.46040102,1556456322.0,-2418178.0900113075,5385968.944269217,2405301.665120968
22.30115444,114.17900049,6.45790045,1556456323.0,-2418178.090347966,5385968.9425032865,2405301.6621230296
22.30115442,114.1790005,6.45558772,1556456324.0,-2418178.0907558063,5385968.9408959,2405301.659196371
22.30115438,114.17900049,6.4534188,1556456325.0,-2418178.089682312,5385968.941020686,2405301.6542752497
22.30114957,114.17899578,6.37570337,1556456326.0,-2418177.700264591,5385969.258601244,2405301.131991223
22.30114074,114.17898494,6.37634094,1556456327.0,-2418176.8334904057,5385970.055136399,2405300.2275840538
22.30112795,114.17896959,6.37616623,1556456328.0,-2418175.610611539,5385971.193135156,2405298.9171595443
22.30111247,114.17895193,6.38444963,1556456329.0,-2418174.220088751,5385972.538885653,2405297.3343492337
22.30109727,114.1789372,6.39519393,1556456330.0,-2418173.101107331,5385973.752317987,2405295.781159099
22.30107995,114.17892673,6.41763201,1556456331.0,-2418172.4234971544,5385974.877094946,2405294.015208426
22.30105961,114.17892344,6.40884815,1556456332.0,-2418172.460974228,5385975.78825623,2405291.9280051067
22.30103867,114.17892942,6.39995576,1556456333.0,-2418173.3801445025,5385976.33108474,2405289.7792892046
22.30101852,114.17894243,6.38280124,1556456334.0,-2418174.943428107,5385976.539952892,2405287.70837471
22.30099676,114.17895987,6.38929175,1556456335.0,-2418176.959815338,5385976.643526474,2405285.481485049
22.30097258,114.17898134,6.38090224,1556456336.0,-2418179.3910468863,5385976.657221063,2405283.001014915
22.30094653,114.1790062,6.3810788,1556456337.0,-2418182.176379604,5385976.6067527365,2405280.3322098725
22.30091895,114.17903391,6.38742056,1556456338.0,-2418185.258290239,5385976.499851578,2405277.5089924014
22.30088881,114.17906378,6.4042806,1556456339.0,-2418188.591293795,5385976.408796755,2405274.427488757
22.30085586,114.1790959,6.41291135,1556456340.0,-2418192.1810488408,5385976.323548826,2405271.054971619
22.30082052,114.17913028,6.39329509,1556456341.0,-2418196.013680864,5385976.210688883,2405267.426874529
22.30078315,114.17916617,6.38724037,1556456342.0,-2418200.028335098,5385976.123357884,2405263.5959451264
22.30074327,114.17920386,6.39611342,1556456343.0,-2418204.2610514998,5385976.068868774,2405259.5135246753
22.30070259,114.17924197,6.42761905,1556456344.0,-2418208.5555946603,5385976.046417054,2405255.357729725
22.30066351,114.17927865,6.45892572,1556456345.0,-2418212.6881001373,5385976.02281193,2405251.365781429
22.30062568,114.17931381,6.47404305,1556456346.0,-2418216.650071885,5385976.001772872,2405247.4957538648
22.30058968,114.17934728,6.48747594,1556456347.0,-2418220.421043693,5385975.980484734,2405243.8125735368
22.30055193,114.17937808,6.51426974,1556456348.0,-2418223.976209997,5385976.150242323,2405239.955170913
22.30050859,114.17940827,6.56061587,1556456349.0,-2418227.5776539175,5385976.576526919,2405235.53247869
22.30046119,114.17944072,6.58697035,1556456350.0,-2418231.4538454204,5385977.046179489,2405230.686242757
22.3004121,114.17947657,6.60037151,1556456351.0,-2418235.673824834,5385977.4261746295,2405225.661945474
22.30036221,114.17951696,6.63000415,1556456352.0,-2418240.3404976963,5385977.658912636,2405220.5618437943
22.3003116,114.17956109,6.66803691,1556456353.0,-2418245.3743169573,5385977.768480668,2405215.391162085
22.30026161,114.17960666,6.70442202,1556456354.0,-2418250.5322050857,5385977.79210569,2405210.2833737424
22.30021387,114.17965138,6.73597856,1556456355.0,-2418255.56963565,5385977.761273282,2405205.404269296
22.30017054,114.17969184,6.78374778,1556456356.0,-2418260.136856346,5385977.754869873,2405200.983130635
22.30013466,114.17972468,6.81433316,1556456357.0,-2418263.853039332,5385977.769993115,2405197.318741174
22.30010775,114.17974955,6.83723636,1556456358.0,-2418266.662723637,5385977.771172683,2405194.5704348474
22.30009221,114.17976327,6.86280879,1556456359.0,-2418268.2295960053,5385977.809367564,2405192.9880262055
22.30008806,114.17976916,6.8810119,1556456360.0,-2418268.861598106,5385977.735213716,2405192.5697554876
22.30008879,114.17977046,6.89606681,1556456361.0,-2418268.976943315,5385977.665069104,2405192.650258541
22.30008947,114.17977213,6.90116715,1556456362.0,-2418269.1241577505,5385977.572822599,2405192.7218616297
22.3000916,114.17977428,6.89875796,1556456363.0,-2418269.2886917703,5385977.398396425,2405192.9391713464
22.30009218,114.17977469,6.89860304,1556456364.0,-2418269.3171919025,5385977.358728051,2405192.998535032
22.30009327,114.17977659,6.84579021,1556456365.0,-2418269.457023336,5385977.192176877,2405193.0901680617
22.30009387,114.17977849,6.75440538,1556456366.0,-2418269.5906706713,5385977.011852476,2405193.1169629064
22.30009396,114.17977928,6.71256655,1556456367.0,-2418269.6475285506,5385976.939745742,2405193.110307569
22.30009395,114.17977944,6.71140712,1556456368.0,-2418269.662301761,5385976.932397384,2405193.108843089
22.3000939,114.17977949,6.71071937,1556456369.0,-2418269.667601831,5385976.931623185,2405193.103459491
22.30009387,114.17977948,6.71038455,1556456370.0,-2418269.667051245,5385976.932912626,2405193.1002588645
22.30009383,114.17977944,6.70960204,1556456371.0,-2418269.663683022,5385976.935473732,2405193.0958638345
22.30009379,114.17977937,6.70766913,1556456372.0,-2418269.657058742,5385976.938330059,2405193.091032275
22.30009376,114.17977929,6.70443234,1556456373.0,-2418269.648828195,5385976.9401246095,2405193.0867304746
22.30009374,114.17977921,6.70039434,1556456374.0,-2418269.640121906,5385976.940859584,2405193.0831491738
22.30009371,114.17977914,6.69575558,1556456375.0,-2418269.6323000896,5385976.941048756,2405193.0783153847
22.30009369,114.17977908,6.6906012,1556456376.0,-2418269.625050791,5385976.939997329,2405193.0743104653
22.30009368,114.17977902,6.68505014,1556456377.0,-2418269.6174790524,5385976.938227767,2405193.071179547
22.30009366,114.17977896,6.67929893,1556456378.0,-2418269.6100035743,5385976.936672598,2405193.0669481563
22.30009365,114.17977892,6.67352367,1556456379.0,-2418269.6042269333,5385976.933869667,2405193.0637321635
22.30009364,114.17977887,6.6678798,1556456380.0,-2418269.5975600546,5385976.9315997055,2405193.0605660295
22.30009363,114.17977883,6.66229386,1556456381.0,-2418269.5918551576,5385976.928956568,2405193.0574218757
22.30009362,114.17977878,6.65679007,1556456382.0,-2418269.585241364,5385976.926804836,2405193.054308895
22.30009361,114.17977874,6.65135504,1556456383.0,-2418269.5795936584,5385976.924289072,2405193.0512220063
22.30009356,114.17977873,6.64585614,1556456384.0,-2418269.577430279,5385976.921986498,2405193.0440127803
22.30008955,114.1797815,6.52155344,1556456385.0,-2418269.8597283796,5385976.853871102,2405192.5860105227
22.3000838,114.17978684,6.48835934,1556456386.0,-2418270.448088592,5385976.820881642,2405191.9843127057
22.30007564,114.17979447,6.45584053,1556456387.0,-2418271.293450254,5385976.784189693,2405191.135960496
22.30006399,114.17980468,6.42905011,1556456388.0,-2418272.443577114,5385976.777219084,2405189.9322225377
22.30004802,114.17981758,6.42303928,1556456389.0,-2418273.928798562,5385976.839846317,2405188.2937744022
22.30002204,114.17983279,6.42749848,1556456390.0,-2418275.8074172,5385977.19751889,2405185.6337487367
22.29998702,114.1798417,6.45013502,1556456391.0,-2418277.2562926975,5385978.182959561,2405182.054448573
22.29994967,114.17983738,6.48321672,1556456392.0,-2418277.5055669458,5385979.824925601,2405178.2403963427
22.29991548,114.17981976,6.48192257,1556456393.0,-2418276.437184604,5385981.878097023,2405174.7370493854
22.29988304,114.17979062,6.42364311,1556456394.0,-2418274.2341693533,5385984.302310446,2405171.391370457
22.29985057,114.1797531,6.38949287,1556456395.0,-2418271.2530651214,5385987.101730204,2405168.0517731733
22.2998184,114.17970984,6.35403524,1556456396.0,-2418267.726720077,5385990.130810207,2405164.742414889
22.29978643,114.17966619,6.35308246,1556456397.0,-2418264.173343789,5385993.197803858,2405161.4666394033
22.29975565,114.17962382,6.33687021,1556456398.0,-2418260.7140242574,5385996.152274449,2405158.3069917387
22.29972425,114.17958179,6.34953677,1556456399.0,-2418257.308276791,5385999.1405317355,2405155.09478079
22.29968984,114.17953623,6.37595558,1556456400.0,-2418253.62770874,5386002.404760695,2405151.5794044514
22.29965259,114.17948612,6.38959749,1556456401.0,-2418249.563455996,5386005.959102742,2405147.7682129527
22.29961338,114.17943286,6.40240999,1556456402.0,-2418245.236504711,5386009.720819806,2405143.75589809
22.2995737,114.17937937,6.42464068,1556456403.0,-2418240.8995845774,5386013.518203678,2405139.699002965
22.29953189,114.17932401,6.45016721,1556456404.0,-2418236.4247783176,5386017.478935517,2405135.4251325345
22.29948725,114.1792666,6.48151323,1556456405.0,-2418231.8081679647,5386021.639573886,2405130.863527117
22.29944035,114.17920819,6.50699462,1556456406.0,-2418227.1342189144,5386025.924090589,2405126.0681511248
22.29939167,114.17914859,6.50104233,1556456407.0,-2418222.367119229,5386030.300523562,2405121.078479714
22.29934175,114.17908824,6.53641117,1556456408.0,-2418217.5665077153,5386034.79101086,2405115.977443918
22.29929196,114.17902764,6.56840211,1556456409.0,-2418212.738869199,5386039.284207223,2405110.8884434453
22.29924499,114.17896841,6.61902351,1556456410.0,-2418207.9985361076,5386043.627204155,2405106.0954282116
22.29919883,114.17890931,6.71473639,1556456411.0,-2418203.273563325,5386047.971717707,2405101.40250804
22.29915176,114.17884827,6.79764075,1556456412.0,-2418198.377021176,5386052.422172948,2405096.611493671
22.29910537,114.17878688,6.88070052,1556456413.0,-2418193.43592546,5386056.861458172,2405091.890204755
22.29906023,114.17872344,6.97791292,1556456414.0,-2418188.285963432,5386061.351288099,2405087.302350853
22.29901602,114.17865933,7.0635083,1556456415.0,-2418183.0526027377,5386065.823934238,2405082.805368958
22.29896585,114.17860191,7.16975356,1556456416.0,-2418178.5585183487,5386070.260101994,2405077.7055989504
22.29891717,114.1785467,7.26862008,1556456417.0,-2418174.2437380156,5386074.539647696,2405072.755682728
22.29886927,114.17849388,7.41007574,1556456418.0,-2418170.156337414,5386078.724365589,2405067.901838246
22.29882394,114.17844075,7.52666329,1556456419.0,-2418165.986136516,5386082.802660212,2405063.301861401
22.29878132,114.17838923,7.64143486,1556456420.0,-2418161.919951652,5386086.707589414,2405058.9788428214
22.29874018,114.17834029,7.75899302,1556456421.0,-2418158.0718798717,5386090.449246893,2405054.808511323
22.29869887,114.17829279,7.85484279,1556456422.0,-2418154.3538687276,5386094.118317328,2405050.6125244177
22.29865776,114.17824424,7.96983568,1556456423.0,-2418150.5409589857,5386097.840189197,2405046.4442904317
22.29861487,114.17819389,8.11158194,1556456424.0,-2418146.599604051,5386101.728833788,2405042.103838768
22.29856978,114.17814273,8.22289176,1556456425.0,-2418142.6084242086,5386105.710295407,2405037.5264389506
22.29852335,114.17809222,8.33188872,1556456426.0,-2418138.7005244913,5386109.713728618,2405032.81087199
22.298474,114.17804346,8.45241282,1556456427.0,-2418135.011745086,5386113.764952184,2405027.8005121932
22.29842099,114.17799228,8.58813749,1556456428.0,-2418131.1642092466,5386118.0714230575,2405022.4209372313
22.29836965,114.17794079,8.67161197,1556456429.0,-2418127.238985697,5386122.282856484,2405017.192632587
22.29831888,114.17788553,8.74251415,1556456430.0,-2418122.9447803204,5386126.620932863,2405012.0179543006
22.29827143,114.17783137,8.83147576,1556456431.0,-2418118.703684818,5386130.800564541,2405007.190273179
22.29822637,114.17777814,8.97221125,1556456432.0,-2418114.528498705,5386134.893031062,2405002.6270995867
22.29818348,114.17772671,9.10316363,1556456433.0,-2418110.4814669793,5386138.818090424,2404998.282537418
22.29814417,114.17767999,9.23850315,1556456434.0,-2418106.817253791,5386142.410845264,2404994.30642358
22.29810914,114.17763781,9.3724431,1556456435.0,-2418103.5056411116,5386145.646756411,2404990.768280571
22.29807647,114.17759811,9.50608615,1556456436.0,-2418100.3864354114,5386148.687289124,2404987.4718153863
22.29804369,114.17755922,9.6602528,1556456437.0,-2418097.3530409136,5386151.715172849,2404984.1718665035
22.29800869,114.17751688,9.80653766,1556456438.0,-2418094.0305365524,5386154.967095399,2404980.641478079
22.2979717,114.17747156,9.95575087,1556456439.0,-2418090.463242861,5386158.423528773,2404976.9083160073
22.29793355,114.17742306,10.14057867,1556456440.0,-2418086.6304612006,5386162.088688505,2404973.069818952
22.29789679,114.17737035,10.28392779,1556456441.0,-2418082.362270704,5386165.843231166,2404969.3579939897
22.29785858,114.17731723,10.38329892,1556456442.0,-2418078.063818157,5386169.633529404,2404965.480923094
22.29781822,114.17726233,10.53118123,1556456443.0,-2418073.6534072887,5386173.622299081,2404961.401980582
22.29777626,114.17720518,10.65062484,1556456444.0,-2418069.048230921,5386177.743343046,2404957.1483196607
22.29773385,114.17714965,10.76796674,1556456445.0,-2418064.6022851705,5386181.811485465,2404952.847755445
22.29769005,114.17709564,10.83775191,1556456446.0,-2418060.305120235,5386185.8286094535,2404948.386734334
22.29764513,114.17704113,10.92416339,1556456447.0,-2418055.9865176855,5386189.923791142,2404943.8172711767
22.29759927,114.17698864,11.04422178,1556456448.0,-2418051.886726664,5386193.998146079,2404939.1642655293
22.29755274,114.17693596,11.17245138,1556456449.0,-2418047.7836925955,5386198.113090845,2404934.445714011
22.29750522,114.17688205,11.29764983,1556456450.0,-2418043.580909433,5386202.315325978,2404929.6245807465
22.29745956,114.17682997,11.45563448,1556456451.0,-2418039.530570142,5386206.396705088,2404925.0064506256
22.29741559,114.17677855,11.65290258,1556456452.0,-2418035.528074323,5386210.418606165,2404920.57637165
22.29737648,114.17672904,11.81278634,1556456453.0,-2418031.6073334287,5386214.142060385,2404916.6300360993
22.2973361,114.1766814,11.97733818,1556456454.0,-2418027.8860020554,5386217.83920862,2404912.5553530287
22.29729842,114.1766334,12.13375729,1556456455.0,-2418024.0812820634,5386221.441192069,2404908.754210422
22.29726217,114.17658486,12.2869111,1556456456.0,-2418020.199949649,5386225.008393568,2404905.0983378747
22.2972293,114.17653477,12.45179152,1556456457.0,-2418016.1191850756,5386228.521350663,2404901.7932102615
22.29720138,114.17648248,12.62321848,1556456458.0,-2418011.7489063195,5386231.942946346,2404898.9977163514
22.29718043,114.17642705,12.78215069,1556456459.0,-2418006.9587739864,5386235.219354214,2404896.911590564
22.29716822,114.1763655,12.93233198,1556456460.0,-2418001.439608917,5386238.4116542,2404895.7175986185
22.29716002,114.1763013,13.05318741,1556456461.0,-2417995.5912087653,5386241.537331963,2404894.9233235205
22.29715823,114.17623507,13.19137536,1556456462.0,-2417989.44824276,5386244.517615567,2404894.792359448
22.29716176,114.17616791,13.35620529,1556456463.0,-2417983.1364025623,5386247.355718415,2404895.2165628946
22.29717022,114.17610089,13.5103175,1556456464.0,-2417976.7488311315,5386249.989897799,2404896.1418018523
22.29717649,114.17603699,13.67530636,1556456465.0,-2417970.6963646845,5386252.585521649,2404896.846791624
22.29718169,114.17597855,13.82409327,1556456466.0,-2417965.169450084,5386254.9780549295,2404897.4360076324
22.29718513,114.17592989,13.95882825,1556456467.0,-2417960.586889229,5386257.013451122,2404897.8395718434
22.29718811,114.17588956,14.13740453,1556456468.0,-2417956.811940023,5386258.751943393,2404898.2126407404
22.29719513,114.17585472,14.09998176,1556456469.0,-2417953.4017342115,5386259.92157884,2404898.917674428
22.29719536,114.17581895,13.87688971,1556456470.0,-2417949.950578017,5386261.2339933785,2404898.8565954687
22.2971948,114.17578725,13.35542856,1556456471.0,-2417946.782569953,5386262.153079751,2404898.601372793
22.29719573,114.17575962,12.99876198,1556456472.0,-2417944.033980147,5386262.9823954245,2404898.56133251
22.29719987,114.17572379,12.83670458,1556456473.0,-2417940.5330324923,5386264.198987741,2404898.9240086996
22.29720389,114.17568395,12.73564177,1556456474.0,-2417936.680288359,5386265.640887417,2404899.297532308
22.29721168,114.17564091,12.60385326,1556456475.0,-2417932.4502078095,5386267.047391675,2404900.0456524584
22.29722418,114.17559861,12.31952701,1556456476.0,-2417928.150852979,5386268.113379812,2404901.2184595936
22.29724514,114.17556071,12.30058923,1556456477.0,-2417924.2201285446,5386268.893426016,2404903.3587245196
22.29727458,114.17553025,12.34311093,1556456478.0,-2417920.8662039717,5386269.086340953,2404906.3911230727
22.29731007,114.17550714,12.24824608,1556456479.0,-2417918.0470844335,5386268.621220515,2404909.991245355
22.29734994,114.17549346,11.96023751,1556456480.0,-2417915.9659139104,5386267.427233837,2404913.9668364516
22.29739426,114.17549033,11.70203486,1556456481.0,-2417914.8112543668,5386265.642620845,2404918.4096576027
22.29744148,114.17549712,11.60989956,1556456482.0,-2417914.602179952,5386263.468393772,2404923.2126034955
22.29749319,114.17550713,11.55509597,1556456483.0,-2417914.632698328,5386261.0176886795,2404928.4897325123
22.29754949,114.17551663,11.56099003,1556456484.0,-2417914.559291831,5386258.463802304,2404934.2601551036
22.2976102,114.17552561,11.54659957,1556456485.0,-2417914.3534319215,5386255.745699367,2404940.4747030265
22.29767397,114.17553525,11.45196851,1556456486.0,-2417914.1265579686,5386252.814719601,2404946.9723138125
22.29774206,114.17554577,11.42589233,1556456487.0,-2417913.934051111,5386249.738877313,2404953.938535133
22.29781353,114.17555714,11.43575371,1556456488.0,-2417913.7769053467,5386246.527935743,2404961.264683883
22.29788753,114.17556939,11.36707192,1556456489.0,-2417913.629187814,5386243.116577797,2404968.820237088
22.29796524,114.1755822,11.3445878,1556456490.0,-2417913.487777187,5386239.578367924,2404976.7734195157
22.29804701,114.17559488,11.41084007,1556456491.0,-2417913.29790343,5386235.964913311,2404985.1762298807
22.29813136,114.17560798,11.44313439,1556456492.0,-2417913.0902457586,5386232.206167913,2404993.8304824536
22.29821591,114.17562132,11.47664251,1556456493.0,-2417912.9021615805,5386228.430641488,2405002.5056813285
22.29830372,114.17563423,11.53542648,1556456494.0,-2417912.627129908,5386224.569626113,2405011.5244652396
22.29839461,114.17564781,11.53713811,1556456495.0,-2417912.3404528047,5386220.514091461,2405020.8371466044
22.29848376,114.17566132,11.50928839,1556456496.0,-2417912.065926633,5386216.503241994,2405029.9603359504
22.2985762,114.1756753,11.54965004,1556456497.0,-2417911.804810549,5386212.40401118,2405039.446473827
22.29866521,114.17568902,11.5916943,1556456498.0,-2417911.578902985,5386208.448635911,2405048.581828127
22.29875066,114.17570233,11.66199315,1556456499.0,-2417911.386409061,5386204.670859449,2405057.3631629106
22.29883082,114.1757149,11.71291595,1556456500.0,-2417911.2080284227,5386201.11071956,2405065.595161506
22.29890803,114.17572731,11.78689203,1556456501.0,-2417911.07409768,5386197.689858908,2405073.53366518
22.2989811,114.17573888,11.85630505,1556456502.0,-2417910.930705655,5386194.459279768,2405081.046276198
22.29904982,114.17575046,11.92509689,1556456503.0,-2417910.862866231,5386191.3944900995,2405088.1129756877
22.29911124,114.17576127,11.97238248,1556456504.0,-2417910.840103925,5386188.623859068,2405094.423602306
22.29916293,114.17577106,12.01751188,1556456505.0,-2417910.8880649656,5386186.267418979,2405099.7365376926
22.29920744,114.17577986,12.05562667,1556456506.0,-2417910.963850359,5386184.222058088,2405104.31119522
22.29923932,114.17578622,12.07442423,1556456507.0,-2417911.020272165,5386182.747495607,2405107.584537282
22.29925932,114.17579016,12.11587442,1556456508.0,-2417911.06220873,5386181.849565567,2405109.6493298444
22.29927138,114.17579263,12.10304609,1556456509.0,-2417911.08201838,5386181.272214026,2405110.880047986
22.29927784,114.17579095,11.7472403,1556456510.0,-2417910.6781065525,5386180.7951598065,2405111.406887164
22.29927849,114.17579027,11.62982968,1556456511.0,-2417910.5585089345,5386180.699837674,2405111.428930929
22.29927903,114.17579042,11.47511662,1556456512.0,-2417910.5046953717,5386180.542219936,2405111.4255506336
22.29927894,114.17579107,11.37187812,1556456513.0,-2417910.5282302406,5386180.431099322,2405111.377156564
22.29927909,114.17579095,11.29127591,1556456514.0,-2417910.4838272883,5386180.362379865,2405111.3619404756
22.29927901,114.1757912,11.22127856,1556456515.0,-2417910.482182852,5386180.295813883,2405111.3271841095
22.29927871,114.17579052,11.43895742,1556456516.0,-2417910.5059014377,5386180.5197454635,2405111.379045201
22.29927875,114.17579064,11.45326545,1556456517.0,-2417910.521915374,5386180.525225044,2405111.3885724326
22.29927883,114.17579091,11.42911705,1556456518.0,-2417910.536770454,5386180.490381451,2405111.3876057104
22.29927889,114.17579124,11.37534372,1556456519.0,-2417910.546384899,5386180.428767055,2405111.373348907
22.29927894,114.1757916,11.29599614,1556456520.0,-2417910.5493012764,5386180.344683588,2405111.3483635625
22.29927899,114.17579193,11.20162625,1556456521.0,-2417910.5437053526,5386180.249186302,2405111.317678085
22.29927903,114.17579223,11.09660334,1556456522.0,-2417910.531424768,5386180.146346491,2405111.2819258445
22.29927907,114.1757925,10.98519298,1556456523.0,-2417910.5139037156,5386180.039381263,2405111.2437499217
22.29928281,114.17579547,9.75914536,1556456524.0,-2417910.264184165,5386178.735816482,2405111.1617077156
22.2992978,114.17579861,9.31333326,1556456525.0,-2417910.1324970606,5386177.652409237,2405112.528319483
22.29931846,114.17580249,8.88901309,1556456526.0,-2417909.980949712,5386176.33856915,2405114.4839951117
22.29933267,114.17580523,8.4613815,1556456527.0,-2417909.8319703382,5386175.317286337,2405115.7775911144
22.29934159,114.17580676,8.4383218,1556456528.0,-2417909.813568813,5386174.8913301695,2405116.6827229084
22.29935367,114.17580909,8.43963784,1556456529.0,-2417909.8252318026,5386174.331057601,2405117.9208556833
22.29937503,114.17581285,8.4527416,1556456530.0,-2417909.8161013843,5386173.364662047,2405120.114225745
22.29940528,114.1758179,8.46429807,1556456531.0,-2417909.774674389,5386172.0017447015,2405123.2178160665
22.29944341,114.17582447,8.47101773,1556456532.0,-2417909.7387050837,5386170.268537554,2405127.126900312
22.29948939,114.1758329,8.50790982,1556456533.0,-2417909.7539363303,5386168.181391084,2405131.851688419
22.29954214,114.17584434,8.50902543,1556456534.0,-2417909.9220702033,5386165.677507219,2405137.2565062596
22.29960067,114.17585852,8.50772359,1556456535.0,-2417910.247399739,5386162.834385145,2405143.2525826604
22.29966409,114.17587534,8.53302312,1556456536.0,-2417910.7468337524,5386159.714853366,2405149.7597450414
22.29973213,114.17589494,8.54143452,1556456537.0,-2417911.421699419,5386156.286644284,2405156.733828387
22.29980508,114.17591692,8.54991905,1556456538.0,-2417912.235829329,5386152.569836322,2405164.2109792684
22.29988216,114.17594043,8.58279218,1556456539.0,-2417913.1319527733,5386148.650721934,2405172.120510404
22.29996229,114.17596604,8.58989977,1556456540.0,-2417914.163233078,5386144.504312124,2405180.33274107
22.30004603,114.17599258,8.61092671,1556456541.0,-2417915.2250824897,5386140.192010055,2405188.920102795
22.3001327,114.17602068,8.65112265,1556456542.0,-2417916.390414577,5386135.717725803,2405197.814919288
22.30022145,114.17605015,8.65843356,1556456543.0,-2417917.6362706614,5386131.078123231,2405206.9103530752
22.30031036,114.17608017,8.70123013,1556456544.0,-2417918.944512456,5386126.4391161,2405216.0356390215
22.30039947,114.17610821,8.75461996,1556456545.0,-2417920.067185364,5386121.884927929,2405225.185429608
22.30048736,114.17613589,8.79592665,1556456546.0,-2417921.172422981,5386117.382488056,2405234.2056377255
22.30057869,114.17616569,8.85906257,1556456547.0,-2417922.42601501,5386112.67712504,2405243.5865594596
22.30066823,114.17619575,8.90820403,1556456548.0,-2417923.7295395993,5386108.017582957,2405252.7787755807
22.30076184,114.17622711,8.93400565,1556456549.0,-2417925.076375802,5386103.127444662,2405262.3791093268
22.3008537,114.17625861,8.97741417,1556456550.0,-2417926.473149324,5386098.313331123,2405271.8068270916
22.30094965,114.1762916,9.04232146,1556456551.0,-2417927.9477395494,5386093.297680802,2405281.661725561
22.30104418,114.17632405,9.09573627,1556456552.0,-2417929.3916380703,5386088.349539458,2405291.3667748338
22.301143,114.17635878,9.18403967,1556456553.0,-2417930.9892471773,5386083.170155156,2405301.5245754533
22.301242,114.17639398,9.25296296,1556456554.0,-2417932.620584804,5386077.947662226,2405311.693456339
22.30134245,114.1764297,9.31608605,1556456555.0,-2417934.2736402545,5386072.64272652,2405322.0086842612
22.30144525,114.17646428,9.38146499,1556456556.0,-2417935.779929012,5386067.297698465,2405332.565522426
22.30154873,114.17649907,9.44770648,1556456557.0,-2417937.294569431,5386061.918450622,2405343.1923475494
22.3016528,114.17653416,9.52209835,1556456558.0,-2417938.8303320156,5386056.510786078,2405353.8827044633
22.30175731,114.17656957,9.61346908,1556456559.0,-2417940.3950233553,5386051.087062563,2405364.6245756415
22.30186012,114.17660524,9.68273564,1556456560.0,-2417942.0050237267,5386045.6988637755,2405375.183883809
22.30196594,114.17664384,9.7817483,1556456561.0,-2417943.849910804,5386040.096712683,2405386.06285108
22.30206827,114.17668149,9.87650542,1556456562.0,-2417945.663931237,5386034.664837283,2405396.5826411443
22.30217093,114.17671905,10.00114332,1556456563.0,-2417947.4751203046,5386029.249312201,2405407.147572326
22.30227034,114.17675578,10.09443691,1556456564.0,-2417949.252329991,5386023.966935895,2405417.3676355802
22.3023659,114.17679315,10.20013,1556456565.0,-2417951.1606486742,5386018.815598109,2405427.1979614017
22.30245206,114.17683053,10.3269272,1556456566.0,-2417953.239673334,5386014.04200605,2405436.073251557
22.3025287,114.17686655,10.45567709,1556456567.0,-2417955.355430057,5386009.692415023,2405443.973945824
22.3025923,114.17690182,10.58746977,1556456568.0,-2417957.6262592818,5386005.8769536335,2405450.5398326316
22.30264403,114.17692913,10.70246434,1556456569.0,-2417959.346743859,5386002.8382960325,2405455.8832514877
22.30268315,114.17694853,10.80634587,1556456570.0,-2417960.536477588,5386000.607503879,2405459.9305475536
22.30270916,114.17696221,10.79591582,1556456571.0,-2417961.370832221,5385999.024224153,2405462.591332617
22.30272514,114.17697094,10.84683132,1556456572.0,-2417961.9357413757,5385998.086144977,2405464.247817343
22.30273348,114.17697598,10.90468851,1556456573.0,-2417962.2879009284,5385997.602547446,2405465.1242129877
22.30273588,114.17697769,10.95367908,1556456574.0,-2417962.4259034544,5385997.479722532,2405465.388686594
22.30273579,114.17697799,10.98049211,1556456575.0,-2417962.4658134175,5385997.493143722,2405465.3896415853
22.30273565,114.17697832,11.00124375,1556456576.0,-2417962.507107269,5385997.50209971,2405465.383173742
22.30273561,114.17697862,10.99411076,1556456577.0,-2417962.5332939103,5385997.48495228,2405465.3763687424
22.30273549,114.17697867,10.88998692,1556456578.0,-2417962.5006049923,5385997.399558235,2405465.324559627
22.30273521,114.1769788,10.51818952,1556456579.0,-2417962.3767637275,5385997.090995396,2405465.154776198
22.30273498,114.17697892,10.20464191,1556456580.0,-2417962.27319378,5385996.830102736,2405465.01222112
22.30273494,114.17697893,10.13456548,1556456581.0,-2417962.2482690206,5385996.772067045,2405464.981529064
22.30273496,114.17697894,10.09797561,1556456582.0,-2417962.2350002625,5385996.739995031,2405464.9696922107
22.302735,114.17697895,10.07511624,1556456583.0,-2417962.2265900197,5385996.718745328,2405464.9651150997
22.30273503,114.17697895,10.0596255,1556456584.0,-2417962.2202039617,5385996.704520421,2405464.9623098793
22.30273506,114.17697896,10.04850955,1556456585.0,-2417962.216415625,5385996.693565992,2405464.961164893
22.30273508,114.17697896,10.04015159,1556456586.0,-2417962.2129044184,5385996.6857448,2405464.960042058
22.3027351,114.17697896,10.03333247,1556456587.0,-2417962.2099763076,5385996.67922245,2405464.9595032134
22.30273511,114.17697896,10.02753899,1556456588.0,-2417962.207608941,5385996.673949155,2405464.958329093
22.30273511,114.17697895,10.02247244,1556456589.0,-2417962.2047491,5385996.670094808,2405464.956406336
22.30273512,114.17697895,10.0179825,1556456590.0,-2417962.202875668,5385996.66592175,2405464.955726909
22.30273512,114.17697895,10.01401562,1556456591.0,-2417962.2013725447,5385996.662573551,2405464.9542214763
22.30273512,114.17697895,10.010491,1556456592.0,-2417962.200037002,5385996.659598637,2405464.952883882
22.30273512,114.17697895,10.00727974,1556456593.0,-2417962.198820197,5385996.656888211,2405464.9516652077
22.30273513,114.17697895,10.00435585,1556456594.0,-2417962.1975401705,5385996.65403696,2405464.951580097
22.30273513,114.17697895,10.00180892,1556456595.0,-2417962.1965750926,5385996.651887254,2405464.950613536
22.30273513,114.17697895,9.99952231,1556456596.0,-2417962.1957086544,5385996.649957268,2405464.949745767
22.30273514,114.17697895,9.99728723,1556456597.0,-2417962.19468963,5385996.647687397,2405464.94992206
22.30273514,114.17697895,9.99509503,1556456598.0,-2417962.1938589658,5385996.645837097,2405464.94909012
22.30273514,114.17697895,9.992898,1556456599.0,-2417962.193026471,5385996.64398272,2405464.948256346
22.30273514,114.17697895,9.99072879,1556456600.0,-2417962.192204518,5385996.642151824,2405464.94743313
22.30273514,114.17697895,9.98857793,1556456601.0,-2417962.1913895174,5385996.640336416,2405464.9466168783
22.30273514,114.17697894,9.98655417,1556456602.0,-2417962.1896826434,5385996.639050299,2405464.9458488603
22.30273515,114.17697894,9.98470112,1556456603.0,-2417962.188808378,5385996.637102878,2405464.9461701345
22.30273515,114.17697893,9.98302617,1556456604.0,-2417962.1872336753,5385996.63611117,2405464.9455344905
22.30273515,114.17697893,9.98149863,1556456605.0,-2417962.1866548625,5385996.634821867,2405464.9449547883
22.30273515,114.17697893,9.98014088,1556456606.0,-2417962.186140386,5385996.633675874,2405464.944439522
22.30273515,114.17697892,9.97893508,1556456607.0,-2417962.184743452,5385996.633080147,2405464.9439819204
22.30273515,114.17697892,9.97784621,1556456608.0,-2417962.1843308597,5385996.6321611,2405464.943568694
22.30273515,114.17697892,9.97683542,1556456609.0,-2417962.183947853,5385996.631307955,2405464.943185099
22.30273515,114.17697891,9.97580121,1556456610.0,-2417962.182615938,5385996.630857055,2405464.942792616
22.30273515,114.17697891,9.97476208,1556456611.0,-2417962.182222193,5385996.62997999,2405464.9423982655
22.30273516,114.17697891,9.97372781,1556456612.0,-2417962.1816581786,5385996.62872365,2405464.9430302666
22.30273516,114.17697891,9.97271668,1556456613.0,-2417962.1812750427,5385996.627870218,2405464.9426465426
22.30273516,114.17697891,9.97168776,1556456614.0,-2417962.180885166,5385996.62700177,2405464.942256067
22.30273516,114.17697891,9.97062984,1556456615.0,-2417962.180484301,5385996.626108846,2405464.941854586
22.30273516,114.17697891,9.96956987,1556456616.0,-2417962.180082659,5385996.62521419,2405464.941452327
22.30273517,114.17697891,9.96851624,1556456617.0,-2417962.1795113077,5385996.623941509,2405464.9420769806
22.30273517,114.17697891,9.96745382,1556456618.0,-2417962.1791087375,5385996.623044786,2405464.941673792
22.30273574,114.17698022,9.4283036,1556456619.0,-2417962.0881489515,5385996.090845109,2405464.79546299
22.30273896,114.17698589,8.44112257,1556456620.0,-2417962.1916671945,5385994.894897432,2405464.750718562
22.30275232,114.17699943,7.11664327,1556456621.0,-2417962.732661886,5385992.693388201,2405465.6168185207
22.30277435,114.1770184,5.71223676,1556456622.0,-2417963.6045866814,5385989.862875844,2405467.340831919
22.30280825,114.1770385,5.62413164,1556456623.0,-2417964.877207934,5385987.640614144,2405470.7804702385
22.30284609,114.17706011,5.58706619,1556456624.0,-2417966.243299508,5385985.246654591,2405474.6431323844
22.30288442,114.17708503,5.603971,1556456625.0,-2417967.932555792,5385982.73977281,2405478.576476058
22.30291792,114.1771164,5.62496378,1556456626.0,-2417970.312808947,5385980.149310742,2405482.0165342926
22.302944,114.17715408,5.59777039,1556456627.0,-2417973.395668082,5385977.53635047,2405484.678122521
22.30296095,114.17719943,5.55789234,1556456628.0,-2417977.3518611235,5385974.939019891,2405486.3995238147
22.30296475,114.17725139,5.48799611,1556456629.0,-2417982.1443670704,5385972.541540092,2405486.762309603
22.30295243,114.17730674,5.37500779,1556456630.0,-2417987.516661231,5385970.582627738,2405485.457240602
22.30292908,114.17736682,5.27904887,1556456631.0,-2417993.529883225,5385968.861334499,2405483.0286056777
22.30290085,114.17743345,5.25992642,1556456632.0,-2418000.271930088,5385967.115551146,2405480.1291717547
22.30287113,114.17750115,5.25857303,1556456633.0,-2418007.1469369708,5385965.396722623,2405477.083829425
22.30284008,114.17756807,5.2707079,1556456634.0,-2418013.9766227994,5385963.773175331,2405473.90734608
22.30280888,114.17764127,5.28933372,1556456635.0,-2418021.401686166,5385961.895815817,2405470.7179577714
22.30277966,114.1777225,5.30103349,1556456636.0,-2418029.5448863925,5385959.597803841,2405467.728792433
22.30275075,114.17781207,5.31367455,1556456637.0,-2418038.467087794,5385956.936717355,2405464.7717433725
22.30271706,114.17791025,5.3662937,1556456638.0,-2418048.296069839,5385954.12924311,2405461.3401514394
22.30267913,114.17801362,5.42919965,1556456639.0,-2418058.689797822,5385951.273947477,2405457.4780717297
22.302639,114.17811696,5.55638694,1556456640.0,-2418069.1429266795,5385948.558492826,2405453.414994107
22.30260013,114.17821627,5.85505767,1556456641.0,-2418079.260516898,5385946.109527933,2405449.5460806997
22.30256581,114.17831048,6.23788107,1556456642.0,-2418088.8522669766,5385943.772374473,2405446.1752524404
22.30253623,114.17839848,6.67493216,1556456643.0,-2418097.7992246784,5385941.561340615,2405443.3106188127
22.30251355,114.17848361,7.22127867,1556456644.0,-2418106.3990479303,5385939.299140374,2405441.194371886
22.30249092,114.17856751,7.63707181,1556456645.0,-2418114.8329138197,5385936.976729088,2405439.033702197
22.30247026,114.17865341,8.01884895,1556456646.0,-2418123.407984484,5385934.465661676,2405437.061951054
22.30245381,114.17873652,8.27517104,1556456647.0,-2418131.600783088,5385931.805045239,2405435.473907802
22.30244314,114.17880816,8.33090382,1556456648.0,-2418138.5398750454,5385929.237612803,2405434.4019074803
22.30243627,114.17886277,8.33932755,1556456649.0,-2418143.79477369,5385927.203306129,2405433.701266796
22.30243239,114.17889762,8.33366067,1556456650.0,-2418147.135384429,5385925.876438811,2405433.3016068637
22.30243092,114.17891247,8.32021132,1556456651.0,-2418148.551521441,5385925.294703046,2405433.1459001144
22.30243102,114.17891349,8.32897229,1556456652.0,-2418148.649002343,5385925.255215137,2405433.1594699495
22.30243113,114.17891316,8.33156177,1556456653.0,-2418148.6170695755,5385925.267111241,2405433.171722241
22.30243187,114.17891489,8.30997045,1556456654.0,-2418148.7587742605,5385925.147504453,2405433.23934208
22.30243191,114.17891465,8.32085073,1556456655.0,-2418148.739648318,5385925.165283359,2405433.2475691317
22.30243178,114.17891524,8.3107505,1556456656.0,-2418148.7935196995,5385925.136841498,2405433.230417527
22.30243155,114.17891689,8.25994099,1556456657.0,-2418148.933327869,5385925.033136616,2405433.1875718497
22.30243161,114.17891804,8.21336575,1556456658.0,-2418149.0227480037,5385924.94299029,2405433.1760438117
22.30243152,114.17891827,8.19767562,1556456659.0,-2418149.039971852,5385924.923490615,2405433.160868901
22.30243146,114.17891839,8.1889452,1556456660.0,-2418149.048976466,5385924.913357537,2405433.1514086947
22.30243144,114.17891844,8.18321814,1556456661.0,-2418149.05185056,5385924.907180241,2405433.1471862835
22.30243142,114.17891847,8.17897225,1556456662.0,-2418149.0534058968,5385924.903097186,2405433.143525971
22.30243138,114.17891872,8.17496803,1556456663.0,-2418149.0760775264,5385924.890699813,2405433.1379083525
22.30242981,114.1789331,8.13201002,1556456664.0,-2418150.43857228,5385924.307727285,2405432.960758119
22.30242692,114.17896184,8.08067244,1556456665.0,-2418153.170481707,5385923.162226269,2405432.645192728
22.30242311,114.17900073,7.98600888,1556456666.0,-2418156.855928513,5385921.587046563,2405432.2189305266
22.30241896,114.17904748,7.85335092,1556456667.0,-2418161.271684481,5385919.661100171,2405431.743416337
22.30241549,114.17910228,7.67640109,1556456668.0,-2418166.415666174,5385917.331947886,2405431.3207601965
22.30241354,114.17916237,7.42987403,1556456669.0,-2418172.004386781,5385914.662529488,2405431.0274251727
22.30241182,114.17922619,7.09428675,1556456670.0,-2418177.906023098,5385911.751693555,2405430.723855944
22.30240659,114.17929314,6.70694887,1556456671.0,-2418184.1426862306,5385908.799630693,2405430.0410451056
22.30239444,114.17936139,6.31809152,1556456672.0,-2418190.620082456,5385906.056698833,2405428.6486977027
22.30237173,114.17942937,5.88750299,1556456673.0,-2418197.2380445767,5385903.694763833,2405426.158632377
22.30233307,114.17949209,5.35301031,1556456674.0,-2418203.596719303,5385902.078586788,2405421.9950442985
22.30227679,114.17954172,4.91004588,1556456675.0,-2418209.0628793067,5385901.767607126,2405416.0610049106
22.30220931,114.17957418,4.69929015,1556456676.0,-2418213.195805473,5385902.806643035,2405409.0676345285
22.30213923,114.17958938,4.77881942,1556456677.0,-2418215.8610179606,5385904.918822122,2405401.9180491325
22.30206881,114.1795963,5.0763681,1556456678.0,-2418217.836365682,5385907.577504771,2405394.816362741
22.30200751,114.17960078,5.42431697,1556456679.0,-2418219.4444691897,5385910.032079376,2405388.6681527304
22.30195935,114.17960312,5.60037794,1556456680.0,-2418220.560098401,5385911.928161274,2405383.800918416
22.30192953,114.17960365,5.64940916,1556456681.0,-2418221.141770559,5385913.090342234,2405380.764430976
22.30191583,114.17960414,5.67542037,1556456682.0,-2418221.433496769,5385913.61681219,2405379.3707205122
22.30191406,114.17960478,5.6929915,1556456683.0,-2418221.530782449,5385913.672484744,2405379.196049902
22.30191123,114.17960514,5.71330424,1556456684.0,-2418221.6210315465,5385913.782924584,2405378.913821417
22.30190567,114.17960553,5.73913906,1556456685.0,-2418221.763182804,5385914.001414928,2405378.353996682
22.30190084,114.17960674,5.76545254,1556456686.0,-2418221.970032076,5385914.15771545,2405377.8691429514
22.30189524,114.17960782,5.80220577,1556456687.0,-2418222.181870764,5385914.357832441,2405377.3093635095
22.30188279,114.17960855,5.84436295,1556456688.0,-2418222.480760517,5385914.839880484,2405376.0498438724
22.30185859,114.1796091,5.90564543,1556456689.0,-2418222.9722212376,5385915.796108925,2405373.5937798056
22.30182265,114.1796089,5.97828584,1556456690.0,-2418223.599555537,5385917.243634566,2405369.9392475435
22.30177821,114.17960491,6.04040969,1556456691.0,-2418224.0129393265,5385919.16809256,2405365.4098873134
22.30172862,114.17959312,6.08252694,1556456692.0,-2418223.7741661007,5385921.602294293,2405360.3453089767
22.30167581,114.17957222,5.86392928,1556456693.0,-2418222.6356534627,5385924.32437702,2405354.8518984234
22.30162605,114.17954232,5.8470959,1556456694.0,-2418220.675081347,5385927.479680971,2405349.7475290312
22.30158394,114.17950487,6.21725164,1556456695.0,-2418218.0197693883,5385930.987001705,2405345.5737667424
22.30154236,114.17946117,6.46829423,1556456696.0,-2418214.7226771396,5385934.637252427,2405341.409100775
22.30149804,114.17941206,6.56964209,1556456697.0,-2418210.907459246,5385938.494522484,2405336.9069098565
22.30145038,114.17935763,6.58843472,1556456698.0,-2418206.6183445905,5385942.634680221,2405332.0312011708
22.30140114,114.17929963,6.57095656,1556456699.0,-2418202.0070830714,5385946.955460191,2405326.9798533167
22.30135303,114.17924136,6.54216753,1556456700.0,-2418197.3466973654,5385951.234762903,2405322.0399818486
22.30131091,114.17918944,6.55193482,1556456701.0,-2418193.194734564,5385955.048971637,2405317.7284254064
22.30127361,114.17914357,6.59594757,1556456702.0,-2418189.5415000515,5385958.4519634005,2405313.9236801257
22.30124348,114.17910679,6.65091623,1556456703.0,-2418186.6234915336,5385961.205692526,2405310.8576700133
22.30122067,114.17907897,6.70553469,1556456704.0,-2418184.421624743,5385963.300355006,2405308.5414729025
22.3012052,114.17905957,6.75084332,1556456705.0,-2418182.8814004078,5385964.750414416,2405306.9737382466
22.30119511,114.17904666,6.80609651,1556456706.0,-2418181.862425023,5385965.728714961,2405305.960967476
22.30118994,114.17903988,6.8513486,1556456707.0,-2418181.3312169127,5385966.251250131,2405305.448464031
22.30118801,114.1790378,6.89455716,1556456708.0,-2418181.1852829116,5385966.449492082,2405305.267128748
22.30118796,114.1790381,6.9400738,1556456709.0,-2418181.231592992,5385966.477164827,2405305.279278603
22.30118791,114.1790384,6.98346654,1556456710.0,-2418181.2770982133,5385966.50304493,2405305.2906224905
22.30118788,114.17903851,7.02372009,1556456711.0,-2418181.3032090627,5385966.533527751,2405305.302824168
22.30118785,114.17903854,6.94201092,1556456712.0,-2418181.275581569,5385966.464446318,2405305.268744
22.30118846,114.17903922,6.66273173,1556456713.0,-2418181.2231709515,5385966.176641612,2405305.225259997
22.30118914,114.17903982,6.44041959,1556456714.0,-2418181.1836231253,5385965.937612033,2405305.2105652015
22.30118935,114.17904003,6.40508218,1556456715.0,-2418181.1863581263,5385965.890872719,2405305.218670389
22.30118944,114.17904012,6.38465522,1556456716.0,-2418181.1855285056,5385965.866383098,2405305.2201395174
22.30118945,114.17904015,6.3693544,1556456717.0,-2418181.1823781896,5385965.851819185,2405305.2153577507
22.3011894,114.17904013,6.35546609,1556456718.0,-2418181.1760956873,5385965.84285781,2405305.2049648915
22.30118933,114.1790401,6.34202672,1556456719.0,-2418181.1693875086,5385965.835464098,2405305.1926933606
22.30118925,114.17904005,6.3285457,1556456720.0,-2418181.1609556056,5385965.829262682,2405305.1793815074
22.30118916,114.17903999,6.31483521,1556456721.0,-2418181.151668829,5385965.823672982,2405305.1649580575
22.30118907,114.17903993,6.30126074,1556456722.0,-2418181.142433597,5385965.818198088,2405305.1505862246
22.30118898,114.17903987,6.28824632,1556456723.0,-2418181.1334105963,5385965.8131958945,2405305.136426917
22.30118889,114.17903981,6.27595246,1556456724.0,-2418181.124660656,5385965.808801877,2405305.1225410434
22.3011888,114.17903975,6.26444955,1556456725.0,-2418181.1162104467,5385965.80507545,2405305.108955316
22.30118873,114.1790397,6.25377683,1556456726.0,-2418181.108670644,5385965.800860987,2405305.09773366
22.30118865,114.17903965,6.24381871,1556456727.0,-2418181.101573753,5385965.797633018,2405305.085758661
22.30118859,114.17903961,6.23448144,1556456728.0,-2418181.095307936,5385965.793740325,2405305.0760682933
22.30118852,114.17903956,6.225745,1556456729.0,-2418181.0885018907,5385965.79116015,2405305.0655814083
22.30118846,114.17903952,6.21760162,1556456730.0,-2418181.0826885016,5385965.78827514,2405305.056344092
22.30118841,114.17903949,6.21002369,1556456731.0,-2418181.0778573053,5385965.785061993,2405305.048345868
22.30118836,114.17903945,6.20291545,1556456732.0,-2418181.0722640725,5385965.782667329,2405305.040525879
22.30118832,114.17903942,6.19618249,1556456733.0,-2418181.067580967,5385965.779784021,2405305.0338728176
22.30118827,114.17903938,6.18980079,1556456734.0,-2418181.062263059,5385965.7780025825,2405305.0263285325
22.30118823,114.17903935,6.18379056,1556456735.0,-2418181.057853834,5385965.775729282,2405305.01994973
22.3011882,114.17903932,6.17808382,1556456736.0,-2418181.0533875055,5385965.77332879,2405305.01471061
22.30118816,114.17903929,6.1726205,1556456737.0,-2418181.0491855345,5385965.7715171,2405305.008539346
22.30118812,114.17903926,6.16742934,1556456738.0,-2418181.045086698,5385965.769935122,2405305.002471359
22.30118809,114.17903924,6.16250337,1556456739.0,-2418181.0418562717,5385965.767771576,2405304.9975285227
22.30118806,114.17903921,6.15790038,1556456740.0,-2418181.037808211,5385965.766302687,2405304.99270825
22.30118803,114.17903919,6.15358905,1556456741.0,-2418181.0348107046,5385965.764657918,2405304.9879986546
22.30118799,114.17903917,6.14955184,1556456742.0,-2418181.0320891896,5385965.763627861,2405304.9823685633
22.30118796,114.17903915,6.14571645,1556456743.0,-2418181.0292720417,5385965.762384801,2405304.977839575
22.30118793,114.17903913,6.14204769,1556456744.0,-2418181.0265180394,5385965.761282382,2405304.9733738196
22.30118791,114.17903911,6.13858707,1556456745.0,-2418181.023670798,5385965.759972296,2405304.9700115644
22.30118788,114.17903909,6.13537115,1556456746.0,-2418181.0210884,5385965.759252089,2405304.965717651
22.30118786,114.17903908,6.13234097,1556456747.0,-2418181.019344303,5385965.757883258,2405304.9625187377
22.30118783,114.17903906,6.12943298,1556456748.0,-2418181.0168785956,5385965.757422954,2405304.958341675
22.30118781,114.17903904,6.12663059,1556456749.0,-2418181.0142807933,5385965.756668436,2405304.955229202
22.30118779,114.17903903,6.12397023,1556456750.0,-2418181.01267684,5385965.755611745,2405304.9521706263
22.30118776,114.17903902,6.12143032,1556456751.0,-2418181.011290647,5385965.755040061,2405304.9481332414
22.30118774,114.179039,6.11900425,1556456752.0,-2418181.008835451,5385965.754603171,2405304.9451635727
22.30118772,114.17903899,6.11669191,1556456753.0,-2418181.0073633813,5385965.753840219,2405304.9422370624
22.3011877,114.17903898,6.11453833,1556456754.0,-2418181.0059514754,5385965.753211266,2405304.9393707966
22.30118768,114.17903896,6.11253025,1556456755.0,-2418181.0036546784,5385965.7531271735,2405304.9365597465
22.30118766,114.17903895,6.1106399,1556456756.0,-2418181.002342524,5385965.752720397,2405304.9337933697
22.30118762,114.1790389,6.10883029,1556456757.0,-2418180.997645079,5385965.754836664,2405304.929008598
22.30117867,114.17902807,6.02542564,1556456758.0,-2418180.1020294186,5385966.4846164575,2405303.980415563
22.30116375,114.17900885,6.03139568,1556456759.0,-2418178.5543497843,5385967.872789535,2405302.4541010307
22.30114359,114.17898314,6.03607269,1556456760.0,-2418176.486287644,5385969.7346543465,2405300.390448431
22.3011218,114.17895624,6.04190448,1556456761.0,-2418174.334852468,5385971.710201567,2405298.1602373463
22.30109923,114.17893224,6.06195586,1556456762.0,-2418172.4748375257,5385973.605255134,2405295.855509477
22.30107227,114.17891514,6.08857883,1556456763.0,-2418171.3414891935,5385975.382926901,2405293.103511507
22.30104085,114.1789108,6.09221834,1556456764.0,-2418171.475670311,5385976.773633067,2405289.8858561935
22.30101032,114.1789245,6.07518225,1556456765.0,-2418173.2825124827,5385977.351389761,2405286.7515364997
22.30097823,114.17895455,6.06929399,1556456766.0,-2418176.657378,5385977.308300976,2405283.461621503
22.30093959,114.1789934,6.06815688,1556456767.0,-2418180.974003515,5385977.1489011515,2405279.502448694
22.30089371,114.17903739,6.09531925,1556456768.0,-2418185.9091372285,5385977.073984363,2405274.8122615726
22.30084093,114.17908341,6.11050825,1556456769.0,-2418191.1493163025,5385977.16778091,2405269.4106106963
22.30078216,114.17913049,6.10977338,1556456770.0,-2418196.586198426,5385977.433009361,2405263.389227554
22.30071958,114.17918087,6.14310119,1556456771.0,-2418202.4117726916,5385977.733749906,2405256.9904252314
22.30065595,114.179234,6.17735064,1556456772.0,-2418208.5142757874,5385977.959440464,2405250.484395027
22.30059278,114.17928935,6.21589013,1556456773.0,-2418214.8191738417,5385978.077408403,2405244.027117752
22.30052889,114.17934568,6.23727651,1556456774.0,-2418221.2220861,5385978.167123044,2405237.489562932
22.30046439,114.17940287,6.27939645,1556456775.0,-2418227.72419645,5385978.261409571,2405230.8973768814
22.30040032,114.17946147,6.28503518,1556456776.0,-2418234.3376249475,5385978.248896364,2405224.3353989795
22.30033721,114.17952039,6.3216588,1556456777.0,-2418240.976353406,5385978.212215263,2405217.883529939
22.30027492,114.17957955,6.35298801,1556456778.0,-2418247.621522725,5385978.129488578,2405211.513659897
22.3002129,114.17963836,6.39598922,1556456779.0,-2418254.233566835,5385978.061021616,2405205.1758782063
22.30015413,114.17969289,6.45433492,1556456780.0,-2418260.3931566617,5385978.061555104,2405199.1768868314
22.30010394,114.17973878,6.49961287,1556456781.0,-2418265.587936972,5385978.086819498,2405194.05197685
22.30006029,114.17977611,6.55355747,1556456782.0,-2418269.868775215,5385978.22998585,2405189.6003933107
22.30001862,114.17980324,6.61404823,1556456783.0,-2418273.159185063,5385978.733282693,2405185.354148422
22.29997585,114.17981568,6.69324564,1556456784.0,-2418275.094710769,5385979.914548403,2405181.0023026695
22.29993245,114.17981121,6.77868981,1556456785.0,-2418275.4538534065,5385981.838950748,2405176.588280686
